{"cameraMode":{"drawMode":0,"name":"Shaded","section":"Shading Mode"},"sceneLighting":true,"audioPlay":false,"sceneViewState":{"m_AlwaysRefresh":false,"showFog":true,"showSkybox":true,"showFlares":true,"showImageEffects":true,"showParticleSystems":true,"showVisualEffectGraphs":true,"m_FxEnabled":true},"in2DMode":false,"pivot":{"x":-2.7346577644348146,"y":13.848265647888184,"z":0.0498504638671875},"rotation":{"x":-0.006309300195425749,"y":-0.002402683487161994,"z":0.000008852085557009559,"w":-0.9999935626983643},"size":42.2822265625,"orthographic":false}