{"cameraMode":{"drawMode":0,"name":"Shaded","section":"Shading Mode"},"sceneLighting":true,"audioPlay":false,"sceneViewState":{"m_AlwaysRefresh":false,"showFog":true,"showSkybox":true,"showFlares":true,"showImageEffects":true,"showParticleSystems":true,"showVisualEffectGraphs":true,"m_FxEnabled":true},"in2DMode":false,"pivot":{"x":7.914682388305664,"y":40.56915283203125,"z":18.96796417236328},"rotation":{"x":-0.12592235207557679,"y":-0.029164131730794908,"z":0.0037109828554093839,"w":-0.9916301965713501},"size":119.748779296875,"orthographic":false}