{"cameraMode":{"drawMode":0,"name":"Shaded","section":"Shading Mode"},"sceneLighting":true,"audioPlay":false,"sceneViewState":{"m_AlwaysRefresh":false,"showFog":true,"showSkybox":true,"showFlares":true,"showImageEffects":true,"showParticleSystems":true,"showVisualEffectGraphs":true,"m_FxEnabled":true},"in2DMode":false,"pivot":{"x":3.5426769256591799,"y":16.746009826660158,"z":1.2417678833007813},"rotation":{"x":-0.01830730028450489,"y":0.011095049791038037,"z":-0.0002030715113505721,"w":-0.9997784495353699},"size":48.37663269042969,"orthographic":false}