{"cameraMode":{"drawMode":0,"name":"Shaded","section":"Shading Mode"},"sceneLighting":false,"audioPlay":false,"sceneViewState":{"m_AlwaysRefresh":false,"showFog":true,"showSkybox":false,"showFlares":true,"showImageEffects":true,"showParticleSystems":true,"showVisualEffectGraphs":true,"m_FxEnabled":true},"in2DMode":false,"pivot":{"x":-29.96292495727539,"y":11.178142547607422,"z":-0.03763771057128906},"rotation":{"x":-0.06026539206504822,"y":-0.017371714115142823,"z":0.0010289527708664537,"w":-0.9980587363243103},"size":13.688411712646485,"orthographic":true}