{"cameraMode":{"drawMode":0,"name":"Shaded","section":"Shading Mode"},"sceneLighting":false,"audioPlay":false,"sceneViewState":{"m_AlwaysRefresh":false,"showFog":true,"showSkybox":false,"showFlares":true,"showImageEffects":true,"showParticleSystems":true,"showVisualEffectGraphs":true,"m_FxEnabled":true},"in2DMode":false,"pivot":{"x":-41.18267822265625,"y":9.428714752197266,"z":-0.14254271984100343},"rotation":{"x":-0.03630193695425987,"y":0.0020956387743353845,"z":-0.00007810897659510374,"w":-0.9993562698364258},"size":4.8184027671813969,"orthographic":false}